Date/Time,Image_ID,Mouse Position
2023-06-24 14:24:57.223074,1,"(338, 450)"
2023-06-24 14:24:57.245015,1,"(346, 454)"
2023-06-24 14:24:57.266924,1,"(363, 465)"
2023-06-24 14:24:57.287903,1,"(379, 475)"
2023-06-24 14:24:57.308845,1,"(409, 491)"
2023-06-24 14:24:57.331782,1,"(441, 506)"
2023-06-24 14:24:57.353724,1,"(459, 515)"
2023-06-24 14:24:57.375633,1,"(481, 530)"
2023-06-24 14:24:57.396610,1,"(501, 548)"
2023-06-24 14:24:57.418537,1,"(533, 572)"
2023-06-24 14:24:57.439462,1,"(567, 591)"
2023-06-24 14:24:57.460439,1,"(588, 598)"
2023-06-24 14:24:57.482381,1,"(621, 604)"
2023-06-24 14:24:57.511626,1,"(635, 605)"
2023-06-24 14:24:58.008288,1,"(635, 604)"
2023-06-24 14:24:58.031227,1,"(638, 599)"
2023-06-24 14:24:58.053168,1,"(640, 599)"
2023-06-24 14:24:58.096052,1,"(647, 605)"
2023-06-24 14:24:58.117995,1,"(661, 615)"
2023-06-24 14:24:58.141931,1,"(683, 627)"
2023-06-24 14:24:58.163873,1,"(707, 636)"
2023-06-24 14:24:58.189804,1,"(726, 645)"
2023-06-24 14:24:58.211744,1,"(735, 649)"
2023-06-24 14:24:58.234683,1,"(751, 656)"
2023-06-24 14:24:58.255628,1,"(766, 662)"
2023-06-24 14:24:58.277568,1,"(771, 663)"
2023-06-24 14:24:58.299509,1,"(773, 664)"
2023-06-24 14:24:58.374310,1,"(774, 664)"
2023-06-24 14:24:58.400242,1,"(775, 664)"
2023-06-24 14:24:58.452103,1,"(776, 664)"
2023-06-24 14:24:58.905889,1,"(781, 662)"
2023-06-24 14:24:58.927865,1,"(796, 654)"
2023-06-24 14:24:58.948880,1,"(826, 637)"
2023-06-24 14:24:58.970847,1,"(887, 602)"
2023-06-24 14:24:58.991757,1,"(938, 573)"
2023-06-24 14:24:59.012731,1,"(978, 547)"
2023-06-24 14:24:59.033647,1,"(998, 529)"
2023-06-24 14:24:59.056617,1,"(1021, 504)"
2023-06-24 14:24:59.078560,1,"(1038, 485)"
2023-06-24 14:24:59.100469,1,"(1047, 472)"
2023-06-24 14:24:59.122444,1,"(1062, 452)"
2023-06-24 14:24:59.143353,1,"(1071, 433)"
2023-06-24 14:24:59.165323,1,"(1077, 421)"
2023-06-24 14:24:59.186275,1,"(1090, 397)"
2023-06-24 14:24:59.209206,1,"(1103, 377)"
2023-06-24 14:24:59.230153,1,"(1110, 364)"
2023-06-24 14:24:59.251066,1,"(1120, 347)"
2023-06-24 14:24:59.272010,1,"(1123, 341)"
2023-06-24 14:24:59.293982,1,"(1129, 332)"
2023-06-24 14:24:59.314931,1,"(1133, 323)"
2023-06-24 14:24:59.336836,1,"(1136, 318)"
2023-06-24 14:24:59.359774,1,"(1142, 307)"
2023-06-24 14:24:59.379754,1,"(1144, 302)"
2023-06-24 14:24:59.401692,1,"(1147, 296)"
2023-06-24 14:24:59.422636,1,"(1149, 291)"
2023-06-24 14:24:59.444580,1,"(1152, 288)"
2023-06-24 14:24:59.466494,1,"(1155, 281)"
2023-06-24 14:24:59.488430,1,"(1158, 273)"
2023-06-24 14:24:59.510372,1,"(1160, 270)"
2023-06-24 14:24:59.530968,1,"(1161, 267)"
2023-06-24 14:24:59.552909,1,"(1162, 264)"
2023-06-24 14:24:59.596827,1,"(1165, 260)"
2023-06-24 14:24:59.617739,1,"(1165, 259)"
2023-06-24 14:24:59.641675,1,"(1166, 257)"
2023-06-24 14:24:59.642670,1,"(1167, 257)"
2023-06-24 14:24:59.663648,1,"(1168, 256)"
2023-06-24 14:24:59.684560,1,"(1169, 254)"
2023-06-24 14:24:59.706509,1,"(1171, 252)"
2023-06-24 14:24:59.728474,1,"(1172, 251)"
2023-06-24 14:24:59.750384,1,"(1172, 250)"
2023-06-24 14:24:59.771360,1,"(1173, 249)"
2023-06-24 14:24:59.792303,1,"(1174, 247)"
2023-06-24 14:24:59.814245,1,"(1175, 246)"
2023-06-24 14:24:59.835155,1,"(1176, 245)"
2023-06-24 14:24:59.856133,1,"(1177, 244)"
2023-06-24 14:24:59.898021,1,"(1177, 243)"
2023-06-24 14:24:59.918965,1,"(1178, 243)"
2023-06-24 14:25:00.002709,1,"(1178, 242)"
2023-06-24 14:25:00.025646,1,"(1178, 240)"
2023-06-24 14:25:00.048618,1,"(1179, 239)"
2023-06-24 14:25:00.070550,1,"(1180, 237)"
2023-06-24 14:25:00.092469,1,"(1180, 235)"
2023-06-24 14:25:00.114410,1,"(1180, 234)"
2023-06-24 14:25:00.135387,1,"(1180, 233)"
2023-06-24 14:25:00.178272,1,"(1180, 232)"
2023-06-24 14:25:00.199216,1,"(1180, 230)"
2023-06-24 14:25:00.221124,1,"(1180, 227)"
2023-06-24 14:25:00.243101,1,"(1180, 225)"
2023-06-24 14:25:00.264044,1,"(1180, 224)"
2023-06-24 14:25:00.306737,1,"(1182, 224)"
2023-06-24 14:25:00.329676,1,"(1185, 221)"
2023-06-24 14:25:00.353591,1,"(1187, 218)"
2023-06-24 14:25:00.375529,1,"(1188, 215)"
2023-06-24 14:25:00.396496,1,"(1188, 212)"
2023-06-24 14:25:00.417408,1,"(1189, 208)"
2023-06-24 14:25:00.439377,1,"(1190, 206)"
2023-06-24 14:25:00.461289,1,"(1190, 203)"
2023-06-24 14:25:00.482266,1,"(1190, 199)"
2023-06-24 14:25:00.504209,1,"(1191, 193)"
2023-06-24 14:25:00.526150,1,"(1192, 188)"
2023-06-24 14:25:00.547060,1,"(1193, 181)"
2023-06-24 14:25:00.569999,1,"(1193, 177)"
2023-06-24 14:25:00.591941,1,"(1195, 172)"
2023-06-24 14:25:00.614916,1,"(1195, 166)"
2023-06-24 14:25:00.637818,1,"(1195, 164)"
2023-06-24 14:25:00.659788,1,"(1195, 161)"
2023-06-24 14:25:00.681734,1,"(1195, 160)"
2023-06-24 14:25:00.703674,1,"(1196, 160)"
2023-06-24 14:25:00.725583,1,"(1196, 158)"
2023-06-24 14:25:00.746527,1,"(1196, 156)"
2023-06-24 14:25:00.768468,1,"(1196, 154)"
2023-06-24 14:25:00.790411,1,"(1196, 153)"
2023-06-24 14:25:00.830337,1,"(1196, 152)"
2023-06-24 14:25:00.873189,1,"(1196, 151)"
2023-06-24 14:25:00.894173,1,"(1196, 150)"
2023-06-24 14:25:01.015809,1,"(1196, 149)"
2023-06-24 14:25:01.058694,1,"(1196, 148)"
2023-06-24 14:25:01.100593,1,"(1195, 147)"
2023-06-24 14:25:01.122524,1,"(1195, 146)"
2023-06-24 14:25:01.143495,1,"(1194, 146)"
2023-06-24 14:25:01.165454,1,"(1194, 145)"
2023-06-24 14:25:01.187349,1,"(1194, 144)"
2023-06-24 14:25:01.228279,1,"(1193, 144)"
2023-06-24 14:25:01.251179,1,"(1193, 143)"
2023-06-24 14:25:01.272126,1,"(1192, 142)"
2023-06-24 14:25:01.294064,1,"(1192, 141)"
2023-06-24 14:25:01.349916,1,"(1191, 140)"
2023-06-24 14:25:01.442668,1,"(1190, 139)"
2023-06-24 14:25:01.489542,1,"(1190, 138)"
2023-06-24 14:25:01.763323,1,"(1189, 138)"
2023-06-24 14:25:02.297895,1,"(1189, 139)"
2023-06-24 14:25:02.646962,1,"(1189, 140)"
2023-06-24 14:25:03.047386,1,"(1188, 145)"
2023-06-24 14:25:03.069297,1,"(1187, 151)"
2023-06-24 14:25:03.093232,1,"(1186, 159)"
2023-06-24 14:25:03.115172,1,"(1184, 165)"
2023-06-24 14:25:03.137115,1,"(1183, 171)"
2023-06-24 14:25:03.160063,1,"(1183, 178)"
2023-06-24 14:25:03.181994,1,"(1181, 185)"
2023-06-24 14:25:03.204932,1,"(1180, 197)"
2023-06-24 14:25:03.227887,1,"(1180, 205)"
2023-06-24 14:25:03.250809,1,"(1180, 210)"
2023-06-24 14:25:03.274766,1,"(1180, 215)"
2023-06-24 14:25:03.296715,1,"(1180, 218)"
2023-06-24 14:25:03.321620,1,"(1180, 222)"
2023-06-24 14:25:03.344564,1,"(1181, 226)"
2023-06-24 14:25:03.370489,1,"(1181, 231)"
2023-06-24 14:25:03.392460,1,"(1181, 232)"
2023-06-24 14:25:03.416369,1,"(1181, 234)"
2023-06-24 14:25:03.438319,1,"(1181, 235)"
2023-06-24 14:25:03.609879,1,"(1181, 232)"
2023-06-24 14:25:03.632833,1,"(1181, 230)"
2023-06-24 14:25:03.657744,1,"(1178, 226)"
2023-06-24 14:25:03.681680,1,"(1159, 223)"
2023-06-24 14:25:03.703599,1,"(1121, 223)"
2023-06-24 14:25:03.731547,1,"(932, 203)"
2023-06-24 14:25:03.755471,1,"(834, 185)"
2023-06-24 14:25:03.777425,1,"(782, 170)"
2023-06-24 14:25:03.801340,1,"(782, 161)"
2023-06-24 14:25:03.825591,1,"(792, 153)"
2023-06-24 14:25:03.848530,1,"(797, 149)"
2023-06-24 14:25:03.870471,1,"(799, 148)"
2023-06-24 14:25:03.893409,1,"(799, 146)"
2023-06-24 14:25:03.916359,1,"(801, 146)"
2023-06-24 14:25:03.939287,1,"(812, 152)"
2023-06-24 14:25:03.962225,1,"(820, 157)"
2023-06-24 14:25:03.984167,1,"(826, 159)"
2023-06-24 14:25:04.008103,1,"(833, 160)"
2023-06-24 14:25:04.032046,1,"(847, 160)"
2023-06-24 14:25:04.053982,1,"(861, 154)"
2023-06-24 14:25:04.076920,1,"(864, 152)"
2023-06-24 14:25:04.098893,1,"(866, 149)"
2023-06-24 14:25:04.121801,1,"(866, 148)"
2023-06-24 14:25:04.143742,1,"(867, 146)"
2023-06-24 14:25:04.335230,1,"(871, 146)"
2023-06-24 14:25:04.358171,1,"(885, 151)"
2023-06-24 14:25:04.381107,1,"(912, 159)"
2023-06-24 14:25:04.405578,1,"(950, 172)"
2023-06-24 14:25:04.427509,1,"(982, 185)"
2023-06-24 14:25:04.450449,1,"(1005, 196)"
2023-06-24 14:25:04.474384,1,"(1050, 214)"
2023-06-24 14:25:04.497323,1,"(1066, 219)"
2023-06-24 14:25:04.520262,1,"(1080, 225)"
2023-06-24 14:25:04.543200,1,"(1088, 229)"
2023-06-24 14:25:04.565142,1,"(1093, 234)"
2023-06-24 14:25:04.587082,1,"(1097, 236)"
2023-06-24 14:25:04.611018,1,"(1101, 238)"
2023-06-24 14:25:04.635952,1,"(1106, 240)"
2023-06-24 14:25:04.663877,1,"(1114, 243)"
2023-06-24 14:25:04.687813,1,"(1115, 243)"
2023-06-24 14:25:04.710752,1,"(1116, 243)"
2023-06-24 14:25:04.778570,1,"(1117, 245)"
2023-06-24 14:25:04.803505,1,"(1120, 250)"
2023-06-24 14:25:04.826444,1,"(1125, 259)"
2023-06-24 14:25:04.851377,1,"(1129, 267)"
2023-06-24 14:25:04.875312,1,"(1131, 273)"
2023-06-24 14:25:04.898251,1,"(1132, 274)"
2023-06-24 14:25:04.963078,1,"(1133, 274)"
2023-06-24 14:25:04.986017,1,"(1134, 271)"
2023-06-24 14:25:05.030919,1,"(1138, 267)"
2023-06-24 14:25:05.053836,1,"(1142, 263)"
2023-06-24 14:25:05.077781,1,"(1145, 260)"
2023-06-24 14:25:05.105697,1,"(1148, 257)"
2023-06-24 14:25:05.127638,1,"(1151, 254)"
2023-06-24 14:25:05.151577,1,"(1156, 252)"
2023-06-24 14:25:05.175379,1,"(1161, 250)"
2023-06-24 14:25:05.176399,1,"(1163, 250)"
2023-06-24 14:25:05.200313,1,"(1170, 250)"
2023-06-24 14:25:05.222254,1,"(1173, 250)"
2023-06-24 14:25:05.246192,1,"(1176, 250)"
2023-06-24 14:25:05.268138,1,"(1177, 250)"
2023-06-24 14:25:05.292074,1,"(1178, 251)"
2023-06-24 14:25:05.316032,1,"(1183, 252)"
2023-06-24 14:25:05.338942,1,"(1190, 252)"
2023-06-24 14:25:05.361881,1,"(1197, 254)"
2023-06-24 14:25:05.383822,1,"(1199, 255)"
2023-06-24 14:25:05.407759,1,"(1200, 255)"
2023-06-24 14:25:09.054492,1,"(1200, 258)"
2023-06-24 14:25:09.078427,1,"(1199, 263)"
2023-06-24 14:25:09.100368,1,"(1198, 271)"
2023-06-24 14:25:09.124306,1,"(1198, 280)"
2023-06-24 14:25:09.147269,1,"(1198, 289)"
2023-06-24 14:25:09.170183,1,"(1198, 295)"
2023-06-24 14:25:09.193120,1,"(1198, 308)"
2023-06-24 14:25:09.224038,1,"(1192, 353)"
2023-06-24 14:25:09.259971,1,"(1186, 377)"
2023-06-24 14:25:09.283880,1,"(1184, 390)"
2023-06-24 14:25:09.307814,1,"(1183, 398)"
2023-06-24 14:25:09.330755,1,"(1182, 403)"
2023-06-24 14:25:09.351697,1,"(1182, 405)"
2023-06-24 14:25:09.375633,1,"(1188, 408)"
2023-06-24 14:25:09.399569,1,"(1191, 410)"
2023-06-24 14:25:09.422508,1,"(1194, 414)"
2023-06-24 14:25:09.444449,1,"(1197, 422)"
2023-06-24 14:25:09.466420,1,"(1197, 428)"
2023-06-24 14:25:09.489356,1,"(1197, 436)"
2023-06-24 14:25:09.512269,1,"(1197, 453)"
2023-06-24 14:25:09.535207,1,"(1197, 468)"
2023-06-24 14:25:09.558147,1,"(1197, 476)"
2023-06-24 14:25:09.580088,1,"(1198, 480)"
2023-06-24 14:25:09.605022,1,"(1198, 481)"
2023-06-24 14:25:09.627982,1,"(1198, 485)"
2023-06-24 14:25:10.285203,1,"(1198, 486)"
2023-06-24 14:25:10.309143,1,"(1198, 489)"
2023-06-24 14:25:10.331080,1,"(1198, 495)"
2023-06-24 14:25:10.355018,1,"(1201, 504)"
2023-06-24 14:25:10.377965,1,"(1204, 515)"
2023-06-24 14:25:10.401891,1,"(1209, 529)"
2023-06-24 14:25:10.424829,1,"(1210, 539)"
2023-06-24 14:25:10.448765,1,"(1211, 551)"
2023-06-24 14:25:10.471706,1,"(1211, 561)"
2023-06-24 14:25:10.495641,1,"(1211, 572)"
2023-06-24 14:25:10.519581,1,"(1211, 579)"
2023-06-24 14:25:10.542515,1,"(1211, 584)"
2023-06-24 14:25:10.565465,1,"(1211, 585)"
2023-06-24 14:25:10.587397,1,"(1211, 586)"
2023-06-24 14:25:10.632276,1,"(1211, 588)"
2023-06-24 14:25:10.655215,1,"(1210, 589)"
2023-06-24 14:25:10.680149,1,"(1209, 590)"
2023-06-24 14:25:10.706079,1,"(1209, 591)"
2023-06-24 14:25:10.730014,1,"(1209, 593)"
2023-06-24 14:25:10.754947,1,"(1208, 594)"
2023-06-24 14:25:10.776888,1,"(1208, 595)"
2023-06-24 14:25:11.162859,1,"(1207, 598)"
2023-06-24 14:25:11.185796,1,"(1207, 605)"
2023-06-24 14:25:11.209732,1,"(1207, 614)"
2023-06-24 14:25:11.233860,1,"(1208, 623)"
2023-06-24 14:25:11.257792,1,"(1208, 636)"
2023-06-24 14:25:11.280730,1,"(1206, 654)"
2023-06-24 14:25:11.303678,1,"(1206, 666)"
2023-06-24 14:25:11.327634,1,"(1207, 678)"
2023-06-24 14:25:11.351565,1,"(1207, 686)"
2023-06-24 14:25:11.374509,1,"(1204, 691)"
2023-06-24 14:25:11.397419,1,"(1200, 697)"
2023-06-24 14:25:11.427342,1,"(1196, 703)"
2023-06-24 14:25:11.450279,1,"(1191, 708)"
2023-06-24 14:25:11.472219,1,"(1186, 711)"
2023-06-24 14:25:11.500144,1,"(1178, 714)"
2023-06-24 14:25:11.522085,1,"(1174, 714)"
2023-06-24 14:25:11.544027,1,"(1173, 714)"
2023-06-24 14:25:11.565969,1,"(1163, 714)"
2023-06-24 14:25:11.588937,1,"(1162, 714)"
2023-06-24 14:25:11.610871,1,"(1161, 714)"
2023-06-24 14:25:11.633787,1,"(1160, 714)"
2023-06-24 14:25:13.063397,2,"(1160, 715)"
2023-06-24 14:25:13.263401,2,"(1160, 716)"
2023-06-24 14:25:13.294287,2,"(1161, 716)"
2023-06-24 14:25:13.525670,2,"(1161, 715)"
2023-06-24 14:25:13.548608,2,"(1161, 713)"
2023-06-24 14:25:13.571547,2,"(1160, 710)"
2023-06-24 14:25:13.599472,2,"(1158, 705)"
2023-06-24 14:25:13.622413,2,"(1158, 695)"
2023-06-24 14:25:13.646356,2,"(1158, 685)"
2023-06-24 14:25:13.668288,2,"(1159, 665)"
2023-06-24 14:25:13.693221,2,"(1165, 640)"
2023-06-24 14:25:13.716159,2,"(1171, 612)"
2023-06-24 14:25:13.739116,2,"(1175, 577)"
2023-06-24 14:25:13.762070,2,"(1176, 536)"
2023-06-24 14:25:13.783978,2,"(1176, 516)"
2023-06-24 14:25:13.808945,2,"(1176, 486)"
2023-06-24 14:25:13.832849,2,"(1181, 462)"
2023-06-24 14:25:13.855810,2,"(1186, 441)"
2023-06-24 14:25:13.879752,2,"(1188, 421)"
2023-06-24 14:25:13.902661,2,"(1188, 415)"
2023-06-24 14:25:13.927596,2,"(1188, 399)"
2023-06-24 14:25:13.954524,2,"(1188, 388)"
2023-06-24 14:25:13.976465,2,"(1188, 365)"
2023-06-24 14:25:14.000401,2,"(1186, 337)"
2023-06-24 14:25:14.023372,2,"(1185, 328)"
2023-06-24 14:25:14.046279,2,"(1185, 318)"
2023-06-24 14:25:14.069217,2,"(1185, 314)"
2023-06-24 14:25:14.093153,2,"(1186, 315)"
2023-06-24 14:25:14.116092,2,"(1195, 352)"
2023-06-24 14:25:14.139030,2,"(1197, 396)"
2023-06-24 14:25:14.162978,2,"(1183, 475)"
2023-06-24 14:25:14.185905,2,"(1170, 531)"
2023-06-24 14:25:14.208872,2,"(1143, 639)"
2023-06-24 14:25:14.233806,2,"(1138, 685)"
2023-06-24 14:25:14.255741,2,"(1138, 702)"
2023-06-24 14:25:14.279655,2,"(1138, 716)"
2023-06-24 14:25:14.302594,2,"(1138, 726)"
2023-06-24 14:25:14.326530,2,"(1140, 735)"
2023-06-24 14:25:14.348471,2,"(1141, 740)"
2023-06-24 14:25:14.372411,2,"(1142, 741)"
2023-06-24 14:25:14.395374,2,"(1142, 742)"
2023-06-24 14:25:14.481117,2,"(1142, 740)"
2023-06-24 14:25:14.503058,2,"(1143, 736)"
2023-06-24 14:25:14.527023,2,"(1144, 730)"
2023-06-24 14:25:14.549933,2,"(1145, 723)"
2023-06-24 14:25:14.572900,2,"(1145, 715)"
2023-06-24 14:25:14.601822,2,"(1145, 710)"
2023-06-24 14:25:14.624742,2,"(1146, 709)"
2023-06-24 14:25:14.768349,2,"(1147, 709)"
2023-06-24 14:25:14.792284,2,"(1148, 710)"
2023-06-24 14:25:14.814225,2,"(1149, 711)"
2023-06-24 14:25:14.837164,2,"(1150, 712)"
2023-06-24 14:25:14.860103,2,"(1150, 713)"
2023-06-24 14:25:14.902989,2,"(1151, 713)"
2023-06-24 14:25:14.929950,2,"(1151, 714)"
2023-06-24 14:25:14.952860,2,"(1152, 714)"
2023-06-24 14:25:15.058573,2,"(1152, 715)"
2023-06-24 14:25:15.133374,2,"(1153, 715)"
2023-06-24 14:25:15.808728,3,"(1152, 714)"
2023-06-24 14:25:15.830639,3,"(1149, 700)"
2023-06-24 14:25:15.855586,3,"(1147, 690)"
2023-06-24 14:25:15.878510,3,"(1146, 670)"
2023-06-24 14:25:15.900451,3,"(1153, 534)"
2023-06-24 14:25:15.924376,3,"(1165, 456)"
2023-06-24 14:25:15.946292,3,"(1172, 420)"
2023-06-24 14:25:15.975240,3,"(1184, 364)"
2023-06-24 14:25:15.999170,3,"(1186, 343)"
2023-06-24 14:25:16.021089,3,"(1186, 324)"
2023-06-24 14:25:16.049015,3,"(1183, 311)"
2023-06-24 14:25:16.073948,3,"(1181, 301)"
2023-06-24 14:25:16.101873,3,"(1181, 292)"
2023-06-24 14:25:16.126828,3,"(1182, 285)"
2023-06-24 14:25:16.152738,3,"(1185, 279)"
2023-06-24 14:25:16.181660,3,"(1185, 271)"
2023-06-24 14:25:16.208587,3,"(1185, 259)"
2023-06-24 14:25:16.232525,3,"(1185, 251)"
2023-06-24 14:25:16.256459,3,"(1186, 247)"
2023-06-24 14:25:16.281394,3,"(1187, 247)"
2023-06-24 14:25:16.305330,3,"(1187, 246)"
2023-06-24 14:25:17.359611,3,"(1187, 245)"
2023-06-24 14:25:17.381553,3,"(1187, 242)"
2023-06-24 14:25:17.406486,3,"(1187, 238)"
2023-06-24 14:25:17.428427,3,"(1187, 235)"
2023-06-24 14:25:17.452391,3,"(1187, 232)"
2023-06-24 14:25:17.475303,3,"(1187, 228)"
2023-06-24 14:25:17.500234,3,"(1187, 223)"
2023-06-24 14:25:17.523173,3,"(1188, 218)"
2023-06-24 14:25:17.545114,3,"(1189, 211)"
2023-06-24 14:25:17.569051,3,"(1190, 206)"
2023-06-24 14:25:17.591990,3,"(1191, 201)"
2023-06-24 14:25:17.614928,3,"(1192, 193)"
2023-06-24 14:25:17.636870,3,"(1193, 180)"
2023-06-24 14:25:17.661803,3,"(1193, 174)"
2023-06-24 14:25:17.663828,3,"(1194, 171)"
2023-06-24 14:25:17.686736,3,"(1195, 164)"
2023-06-24 14:25:17.710673,3,"(1196, 158)"
2023-06-24 14:25:17.734610,3,"(1196, 154)"
2023-06-24 14:25:17.757570,3,"(1196, 148)"
2023-06-24 14:25:17.780489,3,"(1196, 147)"
2023-06-24 14:25:17.824369,3,"(1196, 146)"
2023-06-24 14:25:17.898171,3,"(1196, 145)"
2023-06-24 14:25:17.963028,3,"(1196, 144)"
2023-06-24 14:25:18.709004,3,"(1195, 147)"
2023-06-24 14:25:18.731943,3,"(1194, 152)"
2023-06-24 14:25:18.754883,3,"(1182, 212)"
2023-06-24 14:25:18.778849,3,"(1178, 283)"
2023-06-24 14:25:18.802759,3,"(1178, 327)"
2023-06-24 14:25:18.825701,3,"(1201, 490)"
2023-06-24 14:25:18.848633,3,"(1214, 535)"
2023-06-24 14:25:18.874564,3,"(1223, 565)"
2023-06-24 14:25:18.899503,3,"(1226, 581)"
2023-06-24 14:25:18.921438,3,"(1227, 590)"
2023-06-24 14:25:18.951357,3,"(1223, 605)"
2023-06-24 14:25:18.974295,3,"(1218, 616)"
2023-06-24 14:25:18.998233,3,"(1217, 623)"
2023-06-24 14:25:19.020174,3,"(1217, 625)"
2023-06-24 14:25:19.044109,3,"(1217, 631)"
2023-06-24 14:25:19.065082,3,"(1217, 634)"
2023-06-24 14:25:19.089988,3,"(1218, 641)"
2023-06-24 14:25:19.119907,3,"(1220, 652)"
2023-06-24 14:25:19.142846,3,"(1221, 655)"
2023-06-24 14:25:19.209669,3,"(1220, 655)"
2023-06-24 14:25:19.232608,3,"(1217, 653)"
2023-06-24 14:25:19.255545,3,"(1215, 649)"
2023-06-24 14:25:19.280490,3,"(1212, 643)"
2023-06-24 14:25:19.303434,3,"(1212, 642)"
2023-06-24 14:25:19.328379,3,"(1195, 614)"
2023-06-24 14:25:19.351299,3,"(1193, 612)"
2023-06-24 14:25:19.675948,3,"(1192, 618)"
2023-06-24 14:25:19.706810,3,"(1186, 641)"
2023-06-24 14:25:19.729749,3,"(1180, 657)"
2023-06-24 14:25:19.753686,3,"(1174, 681)"
2023-06-24 14:25:19.777651,3,"(1173, 694)"
2023-06-24 14:25:19.803553,3,"(1171, 700)"
2023-06-24 14:25:19.825495,3,"(1170, 703)"
2023-06-24 14:25:19.850428,3,"(1170, 706)"
2023-06-24 14:25:19.874409,3,"(1170, 707)"
2023-06-24 14:25:19.897303,3,"(1169, 710)"
2023-06-24 14:25:19.921245,3,"(1169, 713)"
2023-06-24 14:25:19.954179,3,"(1169, 716)"
2023-06-24 14:25:19.977088,3,"(1169, 718)"
2023-06-24 14:25:20.529613,4,"(1169, 719)"
2023-06-24 14:25:20.846775,4,"(1169, 717)"
2023-06-24 14:25:20.868739,4,"(1168, 715)"
2023-06-24 14:25:20.902628,4,"(1167, 712)"
2023-06-24 14:25:20.932565,4,"(1167, 700)"
2023-06-24 14:25:20.955476,4,"(1178, 643)"
2023-06-24 14:25:20.978414,4,"(1194, 561)"
2023-06-24 14:25:21.003346,4,"(1198, 533)"
2023-06-24 14:25:21.026284,4,"(1198, 493)"
2023-06-24 14:25:21.050223,4,"(1198, 470)"
2023-06-24 14:25:21.073161,4,"(1198, 446)"
2023-06-24 14:25:21.097095,4,"(1198, 420)"
2023-06-24 14:25:21.121031,4,"(1201, 394)"
2023-06-24 14:25:21.149955,4,"(1204, 362)"
2023-06-24 14:25:21.173901,4,"(1206, 331)"
2023-06-24 14:25:21.197827,4,"(1210, 311)"
2023-06-24 14:25:21.220766,4,"(1213, 298)"
2023-06-24 14:25:21.246696,4,"(1213, 290)"
2023-06-24 14:25:21.269635,4,"(1213, 284)"
2023-06-24 14:25:21.293572,4,"(1212, 279)"
2023-06-24 14:25:21.316511,4,"(1212, 274)"
2023-06-24 14:25:21.339449,4,"(1211, 271)"
2023-06-24 14:25:21.363386,4,"(1210, 270)"
2023-06-24 14:25:21.385355,4,"(1210, 268)"
2023-06-24 14:25:21.410283,4,"(1209, 267)"
2023-06-24 14:25:21.434210,4,"(1209, 266)"
2023-06-24 14:25:21.456150,4,"(1207, 265)"
2023-06-24 14:25:21.479076,4,"(1206, 265)"
2023-06-24 14:25:21.504008,4,"(1205, 265)"
2023-06-24 14:25:21.533929,4,"(1203, 265)"
2023-06-24 14:25:21.561854,4,"(1203, 266)"
2023-06-24 14:25:21.585792,4,"(1202, 266)"
2023-06-24 14:25:21.926908,4,"(1202, 268)"
2023-06-24 14:25:21.951813,4,"(1202, 273)"
2023-06-24 14:25:21.974752,4,"(1207, 367)"
2023-06-24 14:25:21.998688,4,"(1207, 380)"
2023-06-24 14:25:22.021639,4,"(1208, 441)"
2023-06-24 14:25:22.045591,4,"(1210, 468)"
2023-06-24 14:25:22.068500,4,"(1210, 483)"
2023-06-24 14:25:22.094433,4,"(1209, 499)"
2023-06-24 14:25:22.121359,4,"(1205, 516)"
2023-06-24 14:25:22.152276,4,"(1197, 549)"
2023-06-24 14:25:22.178212,4,"(1194, 566)"
2023-06-24 14:25:22.202144,4,"(1193, 572)"
2023-06-24 14:25:22.224085,4,"(1193, 574)"
2023-06-24 14:25:22.249018,4,"(1193, 578)"
2023-06-24 14:25:22.271958,4,"(1193, 580)"
2023-06-24 14:25:22.310853,4,"(1193, 581)"
2023-06-24 14:25:22.334788,4,"(1193, 584)"
2023-06-24 14:25:22.357727,4,"(1195, 589)"
2023-06-24 14:25:22.380666,4,"(1198, 595)"
2023-06-24 14:25:22.404601,4,"(1199, 599)"
2023-06-24 14:25:22.427541,4,"(1200, 600)"
2023-06-24 14:25:22.451485,4,"(1200, 601)"
2023-06-24 14:25:22.922221,4,"(1200, 602)"
2023-06-24 14:25:22.946157,4,"(1202, 606)"
2023-06-24 14:25:22.968096,4,"(1204, 613)"
2023-06-24 14:25:22.991045,4,"(1206, 625)"
2023-06-24 14:25:23.021952,4,"(1209, 644)"
2023-06-24 14:25:23.045888,4,"(1209, 657)"
2023-06-24 14:25:23.068827,4,"(1209, 666)"
2023-06-24 14:25:23.093783,4,"(1208, 676)"
2023-06-24 14:25:23.118705,4,"(1206, 692)"
2023-06-24 14:25:23.141858,4,"(1204, 700)"
2023-06-24 14:25:23.166793,4,"(1204, 707)"
2023-06-24 14:25:23.189744,4,"(1203, 710)"
2023-06-24 14:25:23.273506,4,"(1202, 710)"
2023-06-24 14:25:23.319384,4,"(1202, 711)"
2023-06-24 14:25:23.341326,4,"(1201, 711)"
2023-06-24 14:25:23.373240,4,"(1201, 713)"
2023-06-24 14:25:23.782717,5,"(1200, 713)"
2023-06-24 14:25:23.805654,5,"(1198, 712)"
2023-06-24 14:25:23.827593,5,"(1198, 711)"
2023-06-24 14:25:23.853525,5,"(1194, 700)"
2023-06-24 14:25:23.855518,5,"(1193, 695)"
2023-06-24 14:25:23.879456,5,"(1191, 687)"
2023-06-24 14:25:23.881479,5,"(1190, 681)"
2023-06-24 14:25:23.904404,5,"(1186, 659)"
2023-06-24 14:25:23.929321,5,"(1186, 647)"
2023-06-24 14:25:23.952296,5,"(1186, 637)"
2023-06-24 14:25:23.976203,5,"(1186, 629)"
2023-06-24 14:25:23.999166,5,"(1187, 627)"
2023-06-24 14:25:24.022076,5,"(1187, 625)"
2023-06-24 14:25:24.066955,5,"(1189, 621)"
2023-06-24 14:25:24.094912,5,"(1189, 620)"
2023-06-24 14:25:24.139760,5,"(1190, 619)"
2023-06-24 14:25:24.184639,5,"(1190, 618)"
2023-06-24 14:25:24.210570,5,"(1191, 617)"
2023-06-24 14:25:24.232511,5,"(1192, 616)"
2023-06-24 14:25:24.277392,5,"(1193, 615)"
2023-06-24 14:25:24.346209,5,"(1193, 614)"
2023-06-24 14:25:25.170167,5,"(1193, 613)"
2023-06-24 14:25:25.194133,5,"(1193, 607)"
2023-06-24 14:25:25.217050,5,"(1193, 603)"
2023-06-24 14:25:25.242975,5,"(1193, 594)"
2023-06-24 14:25:25.266910,5,"(1192, 581)"
2023-06-24 14:25:25.294845,5,"(1190, 538)"
2023-06-24 14:25:25.325754,5,"(1189, 511)"
2023-06-24 14:25:25.350687,5,"(1189, 499)"
2023-06-24 14:25:25.374645,5,"(1189, 491)"
2023-06-24 14:25:25.397561,5,"(1190, 487)"
2023-06-24 14:25:25.419502,5,"(1190, 485)"
2023-06-24 14:25:25.525219,5,"(1191, 485)"
2023-06-24 14:25:25.549158,5,"(1192, 485)"
2023-06-24 14:25:25.589050,5,"(1193, 486)"
2023-06-24 14:25:25.644899,5,"(1193, 487)"
2023-06-24 14:25:25.868302,5,"(1192, 487)"
2023-06-24 14:25:25.917172,5,"(1191, 488)"
2023-06-24 14:25:26.262294,5,"(1190, 493)"
2023-06-24 14:25:26.286231,5,"(1190, 500)"
2023-06-24 14:25:26.311136,5,"(1190, 524)"
2023-06-24 14:25:26.335071,5,"(1190, 562)"
2023-06-24 14:25:26.365988,5,"(1187, 590)"
2023-06-24 14:25:26.389925,5,"(1185, 610)"
2023-06-24 14:25:26.412865,5,"(1182, 631)"
2023-06-24 14:25:26.435803,5,"(1181, 634)"
2023-06-24 14:25:26.460742,5,"(1181, 636)"
2023-06-24 14:25:26.601360,5,"(1181, 637)"
2023-06-24 14:25:26.624300,5,"(1179, 640)"
2023-06-24 14:25:26.649233,5,"(1178, 648)"
2023-06-24 14:25:26.672172,5,"(1177, 654)"
2023-06-24 14:25:26.696137,5,"(1175, 664)"
2023-06-24 14:25:26.719045,5,"(1173, 670)"
2023-06-24 14:25:26.742980,5,"(1173, 672)"
2023-06-24 14:25:26.767945,5,"(1172, 673)"
2023-06-24 14:25:26.790865,5,"(1172, 674)"
2023-06-24 14:25:26.822768,5,"(1171, 676)"
2023-06-24 14:25:26.848699,5,"(1171, 678)"
2023-06-24 14:25:26.871669,5,"(1171, 680)"
2023-06-24 14:25:26.898565,5,"(1170, 683)"
2023-06-24 14:25:26.922503,5,"(1170, 685)"
2023-06-24 14:25:26.945463,5,"(1169, 689)"
2023-06-24 14:25:26.970373,5,"(1169, 692)"
2023-06-24 14:25:26.993311,5,"(1168, 694)"
2023-06-24 14:25:27.018275,5,"(1168, 696)"
2023-06-24 14:25:27.064124,5,"(1168, 699)"
2023-06-24 14:25:27.088060,5,"(1168, 700)"
2023-06-24 14:25:27.226688,6,"(1168, 701)"
2023-06-24 14:25:27.591676,6,"(1168, 700)"
2023-06-24 14:25:27.624583,6,"(1167, 697)"
2023-06-24 14:25:27.661484,6,"(1166, 692)"
2023-06-24 14:25:27.687414,6,"(1165, 683)"
2023-06-24 14:25:27.711351,6,"(1165, 660)"
2023-06-24 14:25:27.738278,6,"(1165, 651)"
2023-06-24 14:25:27.769196,6,"(1167, 537)"
2023-06-24 14:25:27.794129,6,"(1169, 485)"
2023-06-24 14:25:27.817068,6,"(1172, 456)"
2023-06-24 14:25:27.840007,6,"(1178, 419)"
2023-06-24 14:25:27.863943,6,"(1181, 394)"
2023-06-24 14:25:27.887879,6,"(1187, 341)"
2023-06-24 14:25:27.922786,6,"(1188, 314)"
2023-06-24 14:25:27.945725,6,"(1188, 300)"
2023-06-24 14:25:27.970658,6,"(1189, 287)"
2023-06-24 14:25:27.993599,6,"(1194, 270)"
2023-06-24 14:25:28.018531,6,"(1199, 257)"
2023-06-24 14:25:28.043464,6,"(1200, 254)"
2023-06-24 14:25:28.066401,6,"(1201, 253)"
2023-06-24 14:25:28.526202,6,"(1200, 253)"
2023-06-24 14:25:29.208744,6,"(1199, 251)"
2023-06-24 14:25:29.233677,6,"(1198, 249)"
2023-06-24 14:25:29.258611,6,"(1198, 245)"
2023-06-24 14:25:29.283545,6,"(1198, 240)"
2023-06-24 14:25:29.306483,6,"(1198, 229)"
2023-06-24 14:25:29.331416,6,"(1198, 208)"
2023-06-24 14:25:29.354357,6,"(1196, 188)"
2023-06-24 14:25:29.379289,6,"(1194, 177)"
2023-06-24 14:25:29.402228,6,"(1191, 168)"
2023-06-24 14:25:29.425166,6,"(1190, 162)"
2023-06-24 14:25:29.450100,6,"(1190, 155)"
2023-06-24 14:25:29.475032,6,"(1190, 151)"
2023-06-24 14:25:29.497623,6,"(1190, 148)"
2023-06-24 14:25:29.523521,6,"(1190, 146)"
2023-06-24 14:25:29.548456,6,"(1190, 144)"
2023-06-24 14:25:29.579401,6,"(1190, 141)"
2023-06-24 14:25:29.607297,6,"(1191, 139)"
2023-06-24 14:25:29.632230,6,"(1191, 132)"
2023-06-24 14:25:29.655170,6,"(1191, 129)"
2023-06-24 14:25:29.680102,6,"(1191, 128)"
2023-06-24 14:25:31.622669,6,"(1190, 130)"
2023-06-24 14:25:31.647572,6,"(1184, 137)"
2023-06-24 14:25:31.672572,6,"(1168, 149)"
2023-06-24 14:25:31.696506,6,"(1152, 165)"
2023-06-24 14:25:31.721439,6,"(1130, 185)"
2023-06-24 14:25:31.745405,6,"(1113, 198)"
2023-06-24 14:25:31.770309,6,"(1090, 215)"
2023-06-24 14:25:31.794246,6,"(1074, 229)"
2023-06-24 14:25:31.819201,6,"(1055, 247)"
2023-06-24 14:25:31.843114,6,"(1039, 262)"
2023-06-24 14:25:31.873036,6,"(1019, 279)"
2023-06-24 14:25:31.899963,6,"(1000, 290)"
2023-06-24 14:25:31.923899,6,"(987, 296)"
2023-06-24 14:25:31.947835,6,"(978, 299)"
2023-06-24 14:25:31.970776,6,"(974, 300)"
2023-06-24 14:25:31.994711,6,"(968, 300)"
2023-06-24 14:25:32.025648,6,"(963, 300)"
2023-06-24 14:25:32.048566,6,"(960, 299)"
2023-06-24 14:25:32.072505,6,"(954, 297)"
2023-06-24 14:25:32.109403,6,"(945, 296)"
2023-06-24 14:25:32.134336,6,"(937, 296)"
2023-06-24 14:25:32.179216,6,"(925, 296)"
2023-06-24 14:25:32.462459,6,"(909, 288)"
2023-06-24 14:25:32.550226,6,"(910, 288)"
2023-06-24 14:25:32.574163,6,"(914, 288)"
2023-06-24 14:25:32.596102,6,"(925, 286)"
2023-06-24 14:25:32.620068,6,"(947, 281)"
2023-06-24 14:25:32.642977,6,"(968, 275)"
2023-06-24 14:25:32.666919,6,"(1018, 260)"
2023-06-24 14:25:32.688886,6,"(1059, 244)"
2023-06-24 14:25:32.711794,6,"(1083, 232)"
2023-06-24 14:25:32.734732,6,"(1112, 216)"
2023-06-24 14:25:32.756673,6,"(1127, 204)"
2023-06-24 14:25:32.778643,6,"(1133, 197)"
2023-06-24 14:25:32.801555,6,"(1138, 189)"
2023-06-24 14:25:32.824493,6,"(1144, 181)"
2023-06-24 14:25:32.847433,6,"(1150, 172)"
2023-06-24 14:25:32.869373,6,"(1155, 165)"
2023-06-24 14:25:32.892310,6,"(1159, 161)"
2023-06-24 14:25:32.914281,6,"(1162, 158)"
2023-06-24 14:25:32.938188,6,"(1164, 155)"
2023-06-24 14:25:32.963121,6,"(1165, 154)"
2023-06-24 14:25:32.986060,6,"(1168, 153)"
2023-06-24 14:25:33.008999,6,"(1171, 152)"
2023-06-24 14:25:33.041573,6,"(1177, 149)"
2023-06-24 14:25:33.063515,6,"(1180, 148)"
2023-06-24 14:25:33.090443,6,"(1183, 147)"
2023-06-24 14:25:33.114379,6,"(1186, 145)"
2023-06-24 14:25:33.138316,6,"(1189, 142)"
2023-06-24 14:25:33.164246,6,"(1191, 140)"
2023-06-24 14:25:33.188182,6,"(1191, 139)"
2023-06-24 14:25:33.211120,6,"(1191, 137)"
2023-06-24 14:25:33.392635,6,"(1190, 139)"
2023-06-24 14:25:33.415582,6,"(1187, 142)"
2023-06-24 14:25:33.437545,6,"(1185, 146)"
2023-06-24 14:25:33.470427,6,"(1185, 147)"
2023-06-24 14:25:33.591105,6,"(1185, 146)"
2023-06-24 14:25:33.614043,6,"(1185, 145)"
2023-06-24 14:25:33.636983,6,"(1185, 142)"
2023-06-24 14:25:33.659921,6,"(1186, 140)"
2023-06-24 14:25:33.682860,6,"(1186, 139)"
2023-06-24 14:25:33.704832,6,"(1187, 138)"
2023-06-24 14:25:33.727744,6,"(1187, 137)"
2023-06-24 14:25:33.749683,6,"(1187, 136)"
2023-06-24 14:25:33.794563,6,"(1188, 136)"
2023-06-24 14:25:34.147618,6,"(1189, 138)"
2023-06-24 14:25:34.176547,6,"(1190, 141)"
2023-06-24 14:25:34.203475,6,"(1191, 145)"
2023-06-24 14:25:34.228410,6,"(1191, 151)"
2023-06-24 14:25:34.251349,6,"(1191, 157)"
2023-06-24 14:25:34.276293,6,"(1188, 167)"
2023-06-24 14:25:34.305204,6,"(1187, 175)"
2023-06-24 14:25:34.331134,6,"(1185, 186)"
2023-06-24 14:25:34.356067,6,"(1184, 194)"
2023-06-24 14:25:34.381998,6,"(1183, 196)"
2023-06-24 14:25:34.410921,6,"(1181, 218)"
2023-06-24 14:25:34.439843,6,"(1178, 235)"
2023-06-24 14:25:34.467770,6,"(1176, 246)"
2023-06-24 14:25:34.493701,6,"(1176, 256)"
2023-06-24 14:25:34.524617,6,"(1176, 264)"
2023-06-24 14:25:34.557531,6,"(1176, 270)"
2023-06-24 14:25:34.596425,6,"(1176, 276)"
2023-06-24 14:25:34.627342,6,"(1176, 277)"
2023-06-24 14:25:34.662250,6,"(1176, 279)"
2023-06-24 14:25:34.688180,6,"(1176, 280)"
2023-06-24 14:25:34.758991,6,"(1176, 281)"
2023-06-24 14:25:35.557886,6,"(1176, 282)"
2023-06-24 14:25:35.581792,6,"(1176, 283)"
2023-06-24 14:25:35.607735,6,"(1175, 287)"
2023-06-24 14:25:35.630663,6,"(1175, 294)"
2023-06-24 14:25:35.655596,6,"(1175, 302)"
2023-06-24 14:25:35.679560,6,"(1175, 308)"
2023-06-24 14:25:35.703468,6,"(1176, 316)"
2023-06-24 14:25:35.728431,6,"(1176, 324)"
2023-06-24 14:25:35.752342,6,"(1177, 332)"
2023-06-24 14:25:35.777759,6,"(1177, 340)"
2023-06-24 14:25:35.802703,6,"(1177, 347)"
2023-06-24 14:25:35.825632,6,"(1177, 357)"
2023-06-24 14:25:35.854554,6,"(1177, 365)"
2023-06-24 14:25:35.878490,6,"(1177, 371)"
2023-06-24 14:25:35.902428,6,"(1177, 377)"
2023-06-24 14:25:35.926363,6,"(1177, 381)"
2023-06-24 14:25:35.958278,6,"(1177, 384)"
2023-06-24 14:25:35.982213,6,"(1177, 386)"
2023-06-24 14:25:36.010139,6,"(1177, 388)"
2023-06-24 14:25:36.034075,6,"(1177, 389)"
2023-06-24 14:25:36.265468,6,"(1177, 390)"
2023-06-24 14:25:36.447981,6,"(1177, 391)"
2023-06-24 14:25:36.470918,6,"(1177, 392)"
2023-06-24 14:25:36.500854,6,"(1177, 393)"
2023-06-24 14:25:36.524775,6,"(1177, 394)"
2023-06-24 14:25:36.549707,6,"(1177, 396)"
2023-06-24 14:25:36.573643,6,"(1177, 399)"
2023-06-24 14:25:36.598576,6,"(1173, 409)"
2023-06-24 14:25:36.621515,6,"(1163, 421)"
2023-06-24 14:25:36.645452,6,"(1155, 431)"
2023-06-24 14:25:36.678363,6,"(1151, 436)"
2023-06-24 14:25:36.701302,6,"(1150, 437)"
2023-06-24 14:25:36.726237,6,"(1150, 438)"
2023-06-24 14:25:36.750185,6,"(1150, 440)"
2023-06-24 14:25:36.774109,6,"(1151, 441)"
2023-06-24 14:25:36.799040,6,"(1156, 443)"
2023-06-24 14:25:36.822978,6,"(1166, 444)"
2023-06-24 14:25:36.846912,6,"(1174, 445)"
2023-06-24 14:25:36.870851,6,"(1180, 450)"
2023-06-24 14:25:36.897778,6,"(1185, 458)"
2023-06-24 14:25:36.920717,6,"(1187, 466)"
2023-06-24 14:25:36.944652,6,"(1187, 474)"
2023-06-24 14:25:36.969601,6,"(1187, 477)"
2023-06-24 14:25:36.993522,6,"(1187, 478)"
2023-06-24 14:25:37.360603,6,"(1187, 482)"
2023-06-24 14:25:37.384547,6,"(1187, 495)"
2023-06-24 14:25:37.408498,6,"(1192, 523)"
2023-06-24 14:25:37.434405,6,"(1194, 541)"
2023-06-24 14:25:37.458341,6,"(1195, 555)"
2023-06-24 14:25:37.483298,6,"(1195, 570)"
2023-06-24 14:25:37.507218,6,"(1195, 590)"
2023-06-24 14:25:37.530179,6,"(1198, 600)"
2023-06-24 14:25:37.554085,6,"(1199, 604)"
2023-06-24 14:25:37.579020,6,"(1200, 608)"
2023-06-24 14:25:37.995907,6,"(1200, 609)"
2023-06-24 14:25:38.019843,6,"(1200, 613)"
2023-06-24 14:25:38.046770,6,"(1201, 615)"
2023-06-24 14:25:38.069709,6,"(1202, 619)"
2023-06-24 14:25:38.107608,6,"(1203, 622)"
2023-06-24 14:25:38.131544,6,"(1208, 639)"
2023-06-24 14:25:38.156480,6,"(1209, 645)"
2023-06-24 14:25:38.179036,6,"(1211, 655)"
2023-06-24 14:25:38.210954,6,"(1211, 660)"
2023-06-24 14:25:38.234886,6,"(1212, 667)"
2023-06-24 14:25:38.259820,6,"(1212, 673)"
2023-06-24 14:25:38.284782,6,"(1212, 678)"
2023-06-24 14:25:38.307715,6,"(1210, 684)"
2023-06-24 14:25:38.339635,6,"(1208, 689)"
2023-06-24 14:25:38.363572,6,"(1208, 693)"
2023-06-24 14:25:38.386481,6,"(1207, 694)"
2023-06-24 14:25:38.411414,6,"(1206, 700)"
2023-06-24 14:25:38.434353,6,"(1206, 704)"
2023-06-24 14:25:38.458319,6,"(1205, 706)"
2023-06-24 14:25:38.483764,6,"(1204, 708)"
2023-06-24 14:25:38.528644,6,"(1203, 709)"
2023-06-24 14:25:38.607433,6,"(1202, 709)"
2023-06-24 14:25:38.891674,7,"(1202, 710)"
2023-06-24 14:25:38.937551,7,"(1202, 711)"
2023-06-24 14:25:38.982432,7,"(1202, 712)"
2023-06-24 14:25:39.093135,7,"(1202, 713)"
2023-06-24 14:25:39.141007,7,"(1202, 714)"
2023-06-24 14:25:39.291638,7,"(1202, 715)"
2023-06-24 14:25:39.342470,7,"(1202, 716)"
2023-06-24 14:25:39.627736,7,"(1203, 716)"
2023-06-24 14:25:39.885030,7,"(1203, 715)"
2023-06-24 14:25:40.628044,7,"(1203, 711)"
2023-06-24 14:25:40.653976,7,"(1203, 703)"
2023-06-24 14:25:40.678907,7,"(1203, 693)"
2023-06-24 14:25:40.701846,7,"(1203, 682)"
2023-06-24 14:25:40.727777,7,"(1203, 672)"
2023-06-24 14:25:40.758707,7,"(1203, 668)"
2023-06-24 14:25:40.783629,7,"(1203, 664)"
2023-06-24 14:25:40.808572,7,"(1203, 662)"
2023-06-24 14:25:40.834492,7,"(1203, 660)"
2023-06-24 14:25:40.862418,7,"(1203, 658)"
2023-06-24 14:25:40.887352,7,"(1202, 652)"
2023-06-24 14:25:40.911286,7,"(1201, 650)"
2023-06-24 14:25:40.935222,7,"(1201, 633)"
2023-06-24 14:25:40.958161,7,"(1201, 622)"
2023-06-24 14:25:40.988104,7,"(1201, 607)"
2023-06-24 14:25:41.012030,7,"(1201, 605)"
2023-06-24 14:25:41.127710,7,"(1200, 608)"
2023-06-24 14:25:41.152643,7,"(1193, 623)"
2023-06-24 14:25:41.178458,7,"(1183, 646)"
2023-06-24 14:25:41.203357,7,"(1175, 675)"
2023-06-24 14:25:41.227295,7,"(1174, 685)"
2023-06-24 14:25:41.252229,7,"(1174, 696)"
2023-06-24 14:25:41.278158,7,"(1174, 699)"
2023-06-24 14:25:41.306083,7,"(1174, 700)"
2023-06-24 14:25:41.330019,7,"(1174, 701)"
2023-06-24 14:25:41.354953,7,"(1174, 702)"
2023-06-24 14:25:41.853620,8,"(1172, 702)"
2023-06-24 14:25:41.881546,8,"(1172, 697)"
2023-06-24 14:25:41.907476,8,"(1171, 693)"
2023-06-24 14:25:41.933418,8,"(1170, 687)"
2023-06-24 14:25:41.955349,8,"(1170, 683)"
2023-06-24 14:25:41.979285,8,"(1172, 674)"
2023-06-24 14:25:42.004217,8,"(1173, 665)"
2023-06-24 14:25:42.028153,8,"(1174, 652)"
2023-06-24 14:25:42.056079,8,"(1175, 644)"
2023-06-24 14:25:42.080018,8,"(1176, 634)"
2023-06-24 14:25:42.102976,8,"(1178, 626)"
2023-06-24 14:25:42.127887,8,"(1182, 617)"
2023-06-24 14:25:42.151824,8,"(1184, 613)"
2023-06-24 14:25:42.175759,8,"(1185, 611)"
2023-06-24 14:25:42.199696,8,"(1187, 609)"
2023-06-24 14:25:42.226624,8,"(1188, 607)"
2023-06-24 14:25:42.269509,8,"(1188, 606)"
2023-06-24 14:25:42.314418,8,"(1188, 605)"
2023-06-24 14:25:42.337328,8,"(1189, 605)"
2023-06-24 14:25:42.362261,8,"(1190, 604)"
2023-06-24 14:25:42.391186,8,"(1191, 604)"
2023-06-24 14:25:42.414123,8,"(1192, 603)"
2023-06-24 14:25:42.439064,8,"(1193, 602)"
2023-06-24 14:25:42.461996,8,"(1194, 601)"
2023-06-24 14:25:42.486943,8,"(1195, 601)"
2023-06-24 14:25:42.552760,8,"(1196, 601)"
2023-06-24 14:25:42.599160,8,"(1197, 601)"
2023-06-24 14:25:43.682265,8,"(1197, 600)"
2023-06-24 14:25:43.706201,8,"(1195, 590)"
2023-06-24 14:25:43.730170,8,"(1192, 582)"
2023-06-24 14:25:43.754074,8,"(1186, 563)"
2023-06-24 14:25:43.779019,8,"(1180, 519)"
2023-06-24 14:25:43.805948,8,"(1178, 472)"
2023-06-24 14:25:43.829883,8,"(1181, 445)"
2023-06-24 14:25:43.854816,8,"(1183, 435)"
2023-06-24 14:25:43.898700,8,"(1189, 427)"
2023-06-24 14:25:43.923662,8,"(1190, 426)"
2023-06-24 14:25:43.948565,8,"(1193, 423)"
2023-06-24 14:25:43.974497,8,"(1197, 417)"
2023-06-24 14:25:44.005414,8,"(1201, 402)"
2023-06-24 14:25:44.042315,8,"(1204, 388)"
2023-06-24 14:25:44.065261,8,"(1204, 381)"
2023-06-24 14:25:44.089190,8,"(1204, 377)"
2023-06-24 14:25:44.113127,8,"(1204, 375)"
2023-06-24 14:25:44.137063,8,"(1202, 368)"
2023-06-24 14:25:44.162004,8,"(1202, 367)"
2023-06-24 14:25:44.184945,8,"(1201, 365)"
2023-06-24 14:25:44.211862,8,"(1201, 364)"
2023-06-24 14:25:44.235799,8,"(1200, 362)"
2023-06-24 14:25:44.258759,8,"(1198, 361)"
2023-06-24 14:25:44.283672,8,"(1198, 360)"
2023-06-24 14:25:44.307610,8,"(1197, 359)"
2023-06-24 14:25:44.331545,8,"(1196, 358)"
2023-06-24 14:25:44.355480,8,"(1196, 357)"
2023-06-24 14:25:44.399365,8,"(1194, 356)"
2023-06-24 14:25:45.079544,8,"(1192, 362)"
2023-06-24 14:25:45.104478,8,"(1187, 379)"
2023-06-24 14:25:45.131404,8,"(1178, 403)"
2023-06-24 14:25:45.161334,8,"(1168, 445)"
2023-06-24 14:25:45.187267,8,"(1166, 469)"
2023-06-24 14:25:45.211204,8,"(1166, 514)"
2023-06-24 14:25:45.235140,8,"(1166, 544)"
2023-06-24 14:25:45.272041,8,"(1169, 589)"
2023-06-24 14:25:45.296008,8,"(1173, 605)"
2023-06-24 14:25:45.321920,8,"(1175, 617)"
2023-06-24 14:25:45.345844,8,"(1178, 629)"
2023-06-24 14:25:45.369779,8,"(1181, 639)"
2023-06-24 14:25:45.395711,8,"(1182, 646)"
2023-06-24 14:25:45.418648,8,"(1182, 648)"
2023-06-24 14:25:45.443581,8,"(1182, 655)"
2023-06-24 14:25:45.467518,8,"(1182, 664)"
2023-06-24 14:25:45.504419,8,"(1182, 675)"
2023-06-24 14:25:45.529352,8,"(1182, 691)"
2023-06-24 14:25:45.554287,8,"(1184, 701)"
2023-06-24 14:25:45.578222,8,"(1184, 705)"
2023-06-24 14:25:45.603155,8,"(1184, 707)"
2023-06-24 14:25:45.669988,8,"(1184, 708)"
2023-06-24 14:25:45.771706,9,"(1185, 708)"
2023-06-24 14:25:45.795641,9,"(1185, 709)"
2023-06-24 14:25:45.840521,9,"(1185, 710)"
